<?xml version="1.0" encoding="UTF-8"?>
<office:document-styles xmlns:office="urn:oasis:names:tc:opendocument:xmlns:office:1.0" xmlns:style="urn:oasis:names:tc:opendocument:xmlns:style:1.0" xmlns:text="urn:oasis:names:tc:opendocument:xmlns:text:1.0" xmlns:table="urn:oasis:names:tc:opendocument:xmlns:table:1.0" xmlns:draw="urn:oasis:names:tc:opendocument:xmlns:drawing:1.0" xmlns:fo="urn:oasis:names:tc:opendocument:xmlns:xsl-fo-compatible:1.0" xmlns:xlink="http://www.w3.org/1999/xlink" xmlns:dc="http://purl.org/dc/elements/1.1/" xmlns:meta="urn:oasis:names:tc:opendocument:xmlns:meta:1.0" xmlns:number="urn:oasis:names:tc:opendocument:xmlns:datastyle:1.0" xmlns:presentation="urn:oasis:names:tc:opendocument:xmlns:presentation:1.0" xmlns:svg="urn:oasis:names:tc:opendocument:xmlns:svg-compatible:1.0" xmlns:chart="urn:oasis:names:tc:opendocument:xmlns:chart:1.0" xmlns:dr3d="urn:oasis:names:tc:opendocument:xmlns:dr3d:1.0" xmlns:math="http://www.w3.org/1998/Math/MathML" xmlns:form="urn:oasis:names:tc:opendocument:xmlns:form:1.0" xmlns:script="urn:oasis:names:tc:opendocument:xmlns:script:1.0" xmlns:ooo="http://openoffice.org/2004/office" xmlns:ooow="http://openoffice.org/2004/writer" xmlns:oooc="http://openoffice.org/2004/calc" xmlns:dom="http://www.w3.org/2001/xml-events" xmlns:rpt="http://openoffice.org/2005/report" xmlns:of="urn:oasis:names:tc:opendocument:xmlns:of:1.2" xmlns:xhtml="http://www.w3.org/1999/xhtml" xmlns:grddl="http://www.w3.org/2003/g/data-view#" xmlns:tableooo="http://openoffice.org/2009/table" xmlns:drawooo="http://openoffice.org/2010/draw" xmlns:calcext="urn:org:documentfoundation:names:experimental:calc:xmlns:calcext:1.0" xmlns:loext="urn:org:documentfoundation:names:experimental:office:xmlns:loext:1.0" xmlns:field="urn:openoffice:names:experimental:ooo-ms-interop:xmlns:field:1.0" xmlns:css3t="http://www.w3.org/TR/css3-text/" office:version="1.2"><office:font-face-decls><style:font-face style:name="Calibri1" svg:font-family="Calibri"/><style:font-face style:name="Calibri" svg:font-family="Calibri" style:font-family-generic="swiss"/><style:font-face style:name="Liberation Sans" svg:font-family="&apos;Liberation Sans&apos;" style:font-family-generic="swiss" style:font-pitch="variable"/><style:font-face style:name="DejaVu Sans" svg:font-family="&apos;DejaVu Sans&apos;" style:font-family-generic="system" style:font-pitch="variable"/><style:font-face style:name="DejaVu Sans Mono" svg:font-family="&apos;DejaVu Sans Mono&apos;" style:font-family-generic="system" style:font-pitch="variable"/><style:font-face style:name="Noto Sans Devanagari UI" svg:font-family="&apos;Noto Sans Devanagari UI&apos;" style:font-family-generic="system" style:font-pitch="variable"/></office:font-face-decls><office:styles><style:default-style style:family="table-cell"><style:paragraph-properties style:tab-stop-distance="36pt"/><style:text-properties style:font-name="Liberation Sans" fo:language="en" fo:country="US" style:font-name-asian="DejaVu Sans" style:language-asian="zh" style:country-asian="CN" style:font-name-complex="DejaVu Sans" style:language-complex="hi" style:country-complex="IN"/></style:default-style><style:default-style style:family="graphic"><style:graphic-properties svg:stroke-color="#3465a4" draw:fill-color="#729fcf" fo:wrap-option="no-wrap" draw:shadow-offset-x="8.5pt" draw:shadow-offset-y="8.5pt"/><style:paragraph-properties style:text-autospace="ideograph-alpha" style:punctuation-wrap="simple" style:line-break="strict" style:writing-mode="page" style:font-independent-line-spacing="false"><style:tab-stops/></style:paragraph-properties><style:text-properties style:use-window-font-color="true" fo:font-family="&apos;Liberation Serif&apos;" style:font-family-generic="roman" style:font-pitch="variable" fo:font-size="12pt" fo:language="en" fo:country="US" style:letter-kerning="true" style:font-name-asian="DejaVu Sans" style:font-size-asian="12pt" style:language-asian="zh" style:country-asian="CN" style:font-name-complex="DejaVu Sans" style:font-size-complex="12pt" style:language-complex="hi" style:country-complex="IN"/></style:default-style><number:number-style style:name="N0"><number:number number:min-integer-digits="1"/></number:number-style><number:time-style style:name="N121"><number:minutes number:style="long"/><number:text>:</number:text><number:seconds number:style="long"/></number:time-style><number:time-style style:name="N122" number:truncate-on-overflow="false"><number:hours/><number:text>:</number:text><number:minutes number:style="long"/><number:text>:</number:text><number:seconds number:style="long"/></number:time-style><number:time-style style:name="N123"><number:minutes number:style="long"/><number:text>:</number:text><number:seconds number:style="long" number:decimal-places="1"/></number:time-style><number:number-style style:name="N124"><number:scientific-number number:decimal-places="1" loext:min-decimal-places="1" number:min-integer-digits="1" number:min-exponent-digits="1" loext:exponent-interval="3" loext:forced-exponent-sign="true"/></number:number-style><number:currency-style style:name="N10121P0" style:volatile="true" number:language="en" number:country="US"><number:currency-symbol/><number:number number:decimal-places="0" loext:min-decimal-places="0" number:min-integer-digits="1" number:grouping="true"/><number:text> </number:text></number:currency-style><number:currency-style style:name="N10121" number:language="en" number:country="US"><number:text>(</number:text><number:currency-symbol/><number:number number:decimal-places="0" loext:min-decimal-places="0" number:min-integer-digits="1" number:grouping="true"/><number:text>)</number:text><style:map style:condition="value()&gt;=0" style:apply-style-name="N10121P0"/></number:currency-style><number:currency-style style:name="N10122P0" style:volatile="true" number:language="en" number:country="US"><number:currency-symbol/><number:number number:decimal-places="0" loext:min-decimal-places="0" number:min-integer-digits="1" number:grouping="true"/><number:text> </number:text></number:currency-style><number:currency-style style:name="N10122" number:language="en" number:country="US"><style:text-properties fo:color="#ff0000"/><number:text>(</number:text><number:currency-symbol/><number:number number:decimal-places="0" loext:min-decimal-places="0" number:min-integer-digits="1" number:grouping="true"/><number:text>)</number:text><style:map style:condition="value()&gt;=0" style:apply-style-name="N10122P0"/></number:currency-style><number:currency-style style:name="N10123P0" style:volatile="true" number:language="en" number:country="US"><number:currency-symbol/><number:number number:decimal-places="2" loext:min-decimal-places="2" number:min-integer-digits="1" number:grouping="true"/><number:text> </number:text></number:currency-style><number:currency-style style:name="N10123" number:language="en" number:country="US"><number:text>(</number:text><number:currency-symbol/><number:number number:decimal-places="2" loext:min-decimal-places="2" number:min-integer-digits="1" number:grouping="true"/><number:text>)</number:text><style:map style:condition="value()&gt;=0" style:apply-style-name="N10123P0"/></number:currency-style><number:currency-style style:name="N10124P0" style:volatile="true" number:language="en" number:country="US"><number:currency-symbol/><number:number number:decimal-places="2" loext:min-decimal-places="2" number:min-integer-digits="1" number:grouping="true"/><number:text> </number:text></number:currency-style><number:currency-style style:name="N10124" number:language="en" number:country="US"><style:text-properties fo:color="#ff0000"/><number:text>(</number:text><number:currency-symbol/><number:number number:decimal-places="2" loext:min-decimal-places="2" number:min-integer-digits="1" number:grouping="true"/><number:text>)</number:text><style:map style:condition="value()&gt;=0" style:apply-style-name="N10124P0"/></number:currency-style><number:date-style style:name="N10125" number:language="en" number:country="US"><number:month/><number:text>/</number:text><number:day/><number:text>/</number:text><number:year number:style="long"/></number:date-style><number:date-style style:name="N10126" number:language="en" number:country="US"><number:day/><number:text>-</number:text><number:month number:textual="true"/><number:text>-</number:text><number:year/></number:date-style><number:date-style style:name="N10127" number:language="en" number:country="US"><number:day/><number:text>-</number:text><number:month number:textual="true"/></number:date-style><number:date-style style:name="N10128" number:language="en" number:country="US"><number:month number:textual="true"/><number:text>-</number:text><number:year/></number:date-style><number:time-style style:name="N10129" number:language="en" number:country="US"><number:hours/><number:text>:</number:text><number:minutes number:style="long"/><number:text> </number:text><number:am-pm/></number:time-style><number:time-style style:name="N10130" number:language="en" number:country="US"><number:hours/><number:text>:</number:text><number:minutes number:style="long"/><number:text>:</number:text><number:seconds number:style="long"/><number:text> </number:text><number:am-pm/></number:time-style><number:time-style style:name="N10131" number:language="en" number:country="US"><number:hours/><number:text>:</number:text><number:minutes number:style="long"/></number:time-style><number:time-style style:name="N10132" number:language="en" number:country="US"><number:hours/><number:text>:</number:text><number:minutes number:style="long"/><number:text>:</number:text><number:seconds number:style="long"/></number:time-style><number:date-style style:name="N10133" number:language="en" number:country="US"><number:month/><number:text>/</number:text><number:day/><number:text>/</number:text><number:year number:style="long"/><number:text> </number:text><number:hours/><number:text>:</number:text><number:minutes number:style="long"/></number:date-style><number:number-style style:name="N10134P0" style:volatile="true" number:language="en" number:country="US"><number:number number:decimal-places="0" loext:min-decimal-places="0" number:min-integer-digits="1" number:grouping="true"/><number:text> </number:text></number:number-style><number:number-style style:name="N10134" number:language="en" number:country="US"><style:text-properties fo:color="#ff0000"/><number:text>(</number:text><number:number number:decimal-places="0" loext:min-decimal-places="0" number:min-integer-digits="1" number:grouping="true"/><number:text>)</number:text><style:map style:condition="value()&gt;=0" style:apply-style-name="N10134P0"/></number:number-style><number:number-style style:name="N10135P0" style:volatile="true" number:language="en" number:country="US"><number:number number:decimal-places="2" loext:min-decimal-places="2" number:min-integer-digits="1" number:grouping="true"/><number:text> </number:text></number:number-style><number:number-style style:name="N10135" number:language="en" number:country="US"><style:text-properties fo:color="#ff0000"/><number:text>(</number:text><number:number number:decimal-places="2" loext:min-decimal-places="2" number:min-integer-digits="1" number:grouping="true"/><number:text>)</number:text><style:map style:condition="value()&gt;=0" style:apply-style-name="N10135P0"/></number:number-style><number:number-style style:name="N10136P0" style:volatile="true" number:language="en" number:country="US"><loext:text> </loext:text><loext:fill-character> </loext:fill-character><number:number number:decimal-places="0" loext:min-decimal-places="0" number:min-integer-digits="1" number:grouping="true"/><number:text> </number:text></number:number-style><number:number-style style:name="N10136P1" style:volatile="true" number:language="en" number:country="US"><loext:text> </loext:text><loext:fill-character> </loext:fill-character><number:text>(</number:text><number:number number:decimal-places="0" loext:min-decimal-places="0" number:min-integer-digits="1" number:grouping="true"/><number:text>)</number:text></number:number-style><number:number-style style:name="N10136P2" style:volatile="true" number:language="en" number:country="US"><loext:text> </loext:text><loext:fill-character> </loext:fill-character><number:text>- </number:text></number:number-style><number:text-style style:name="N10136" number:language="en" number:country="US"><number:text> </number:text><number:text-content/><number:text> </number:text><style:map style:condition="value()&gt;0" style:apply-style-name="N10136P0"/><style:map style:condition="value()&lt;0" style:apply-style-name="N10136P1"/><style:map style:condition="value()=0" style:apply-style-name="N10136P2"/></number:text-style><number:currency-style style:name="N10137P0" style:volatile="true" number:language="en" number:country="US"><number:text> </number:text><number:currency-symbol/><loext:fill-character> </loext:fill-character><number:number number:decimal-places="0" loext:min-decimal-places="0" number:min-integer-digits="1" number:grouping="true"/><number:text> </number:text></number:currency-style><number:currency-style style:name="N10137P1" style:volatile="true" number:language="en" number:country="US"><number:text> </number:text><number:currency-symbol/><loext:fill-character> </loext:fill-character><number:text>(</number:text><number:number number:decimal-places="0" loext:min-decimal-places="0" number:min-integer-digits="1" number:grouping="true"/><number:text>)</number:text></number:currency-style><number:currency-style style:name="N10137P2" style:volatile="true" number:language="en" number:country="US"><number:text> </number:text><number:currency-symbol/><loext:fill-character> </loext:fill-character><number:text>- </number:text></number:currency-style><number:text-style style:name="N10137" number:language="en" number:country="US"><number:text> </number:text><number:text-content/><number:text> </number:text><style:map style:condition="value()&gt;0" style:apply-style-name="N10137P0"/><style:map style:condition="value()&lt;0" style:apply-style-name="N10137P1"/><style:map style:condition="value()=0" style:apply-style-name="N10137P2"/></number:text-style><number:number-style style:name="N10138P0" style:volatile="true" number:language="en" number:country="US"><loext:text> </loext:text><loext:fill-character> </loext:fill-character><number:number number:decimal-places="2" loext:min-decimal-places="2" number:min-integer-digits="1" number:grouping="true"/><number:text> </number:text></number:number-style><number:number-style style:name="N10138P1" style:volatile="true" number:language="en" number:country="US"><loext:text> </loext:text><loext:fill-character> </loext:fill-character><number:text>(</number:text><number:number number:decimal-places="2" loext:min-decimal-places="2" number:min-integer-digits="1" number:grouping="true"/><number:text>)</number:text></number:number-style><number:number-style style:name="N10138P2" style:volatile="true" number:language="en" number:country="US"><loext:text> </loext:text><loext:fill-character> </loext:fill-character><number:text>-</number:text><number:number number:decimal-places="0" loext:min-decimal-places="0" number:min-integer-digits="0"/><number:text> </number:text></number:number-style><number:text-style style:name="N10138" number:language="en" number:country="US"><number:text> </number:text><number:text-content/><number:text> </number:text><style:map style:condition="value()&gt;0" style:apply-style-name="N10138P0"/><style:map style:condition="value()&lt;0" style:apply-style-name="N10138P1"/><style:map style:condition="value()=0" style:apply-style-name="N10138P2"/></number:text-style><number:currency-style style:name="N10139P0" style:volatile="true" number:language="en" number:country="US"><number:text> </number:text><number:currency-symbol/><loext:fill-character> </loext:fill-character><number:number number:decimal-places="2" loext:min-decimal-places="2" number:min-integer-digits="1" number:grouping="true"/><number:text> </number:text></number:currency-style><number:currency-style style:name="N10139P1" style:volatile="true" number:language="en" number:country="US"><number:text> </number:text><number:currency-symbol/><loext:fill-character> </loext:fill-character><number:text>(</number:text><number:number number:decimal-places="2" loext:min-decimal-places="2" number:min-integer-digits="1" number:grouping="true"/><number:text>)</number:text></number:currency-style><number:currency-style style:name="N10139P2" style:volatile="true" number:language="en" number:country="US"><number:text> </number:text><number:currency-symbol/><loext:fill-character> </loext:fill-character><number:text>-</number:text><number:number number:decimal-places="0" loext:min-decimal-places="0" number:min-integer-digits="0"/><number:text> </number:text></number:currency-style><number:text-style style:name="N10139" number:language="en" number:country="US"><number:text> </number:text><number:text-content/><number:text> </number:text><style:map style:condition="value()&gt;0" style:apply-style-name="N10139P0"/><style:map style:condition="value()&lt;0" style:apply-style-name="N10139P1"/><style:map style:condition="value()=0" style:apply-style-name="N10139P2"/></number:text-style><style:style style:name="Default" style:family="table-cell"><style:table-cell-properties style:rotation-align="none" style:vertical-align="bottom"/><style:text-properties fo:color="#000000" style:font-name="Calibri1" fo:font-family="Calibri" fo:font-size="11pt" style:font-name-asian="DejaVu Sans Mono" style:font-family-asian="&apos;DejaVu Sans Mono&apos;" style:font-family-generic-asian="system" style:font-pitch-asian="variable" style:font-size-asian="11pt" style:font-name-complex="Noto Sans Devanagari UI" style:font-family-complex="&apos;Noto Sans Devanagari UI&apos;" style:font-family-generic-complex="system" style:font-pitch-complex="variable" style:font-size-complex="11pt"/></style:style><style:style style:name="Heading" style:family="table-cell" style:parent-style-name="Default"><style:text-properties fo:color="#000000" fo:font-size="24pt" fo:font-style="normal" fo:font-weight="bold"/></style:style><style:style style:name="Heading_20_1" style:display-name="Heading 1" style:family="table-cell" style:parent-style-name="Heading"><style:text-properties fo:color="#000000" fo:font-size="18pt" fo:font-style="normal" fo:font-weight="normal"/></style:style><style:style style:name="Heading_20_2" style:display-name="Heading 2" style:family="table-cell" style:parent-style-name="Heading"><style:text-properties fo:color="#000000" fo:font-size="12pt" fo:font-style="normal" fo:font-weight="normal"/></style:style><style:style style:name="Text" style:family="table-cell" style:parent-style-name="Default"/><style:style style:name="Note" style:family="table-cell" style:parent-style-name="Text"><style:table-cell-properties fo:background-color="#ffffcc" style:diagonal-bl-tr="none" style:diagonal-tl-br="none" fo:border="0.74pt solid #808080"/><style:text-properties fo:color="#333333" fo:font-size="10pt" fo:font-style="normal" fo:font-weight="normal"/></style:style><style:style style:name="Footnote" style:family="table-cell" style:parent-style-name="Text"><style:text-properties fo:color="#808080" fo:font-size="10pt" fo:font-style="italic" fo:font-weight="normal"/></style:style><style:style style:name="Status" style:family="table-cell" style:parent-style-name="Default"/><style:style style:name="Good" style:family="table-cell" style:parent-style-name="Status"><style:table-cell-properties fo:background-color="#ccffcc"/><style:text-properties fo:color="#006600" fo:font-size="10pt" fo:font-style="normal" fo:font-weight="normal"/></style:style><style:style style:name="Neutral" style:family="table-cell" style:parent-style-name="Status"><style:table-cell-properties fo:background-color="#ffffcc"/><style:text-properties fo:color="#996600" fo:font-size="10pt" fo:font-style="normal" fo:font-weight="normal"/></style:style><style:style style:name="Bad" style:family="table-cell" style:parent-style-name="Status"><style:table-cell-properties fo:background-color="#ffcccc"/><style:text-properties fo:color="#cc0000" fo:font-size="10pt" fo:font-style="normal" fo:font-weight="normal"/></style:style><style:style style:name="Warning" style:family="table-cell" style:parent-style-name="Status"><style:text-properties fo:color="#cc0000" fo:font-size="10pt" fo:font-style="normal" fo:font-weight="normal"/></style:style><style:style style:name="Error" style:family="table-cell" style:parent-style-name="Status"><style:table-cell-properties fo:background-color="#cc0000"/><style:text-properties fo:color="#ffffff" fo:font-size="10pt" fo:font-style="normal" fo:font-weight="bold"/></style:style><style:style style:name="Accent" style:family="table-cell" style:parent-style-name="Default"><style:text-properties fo:color="#000000" fo:font-size="10pt" fo:font-style="normal" fo:font-weight="bold"/></style:style><style:style style:name="Accent_20_1" style:display-name="Accent 1" style:family="table-cell" style:parent-style-name="Accent"><style:table-cell-properties fo:background-color="#000000"/><style:text-properties fo:color="#ffffff" fo:font-size="10pt" fo:font-style="normal" fo:font-weight="normal"/></style:style><style:style style:name="Accent_20_2" style:display-name="Accent 2" style:family="table-cell" style:parent-style-name="Accent"><style:table-cell-properties fo:background-color="#808080"/><style:text-properties fo:color="#ffffff" fo:font-size="10pt" fo:font-style="normal" fo:font-weight="normal"/></style:style><style:style style:name="Accent_20_3" style:display-name="Accent 3" style:family="table-cell" style:parent-style-name="Accent"><style:table-cell-properties fo:background-color="#dddddd"/></style:style><style:style style:name="Excel_20_Built-in_20_Explanatory_20_Text" style:display-name="Excel Built-in Explanatory Text" style:family="table-cell" style:parent-style-name="Default" style:data-style-name="N0"><style:table-cell-properties fo:border-bottom="0.06pt solid #4f81bd" style:diagonal-bl-tr="none" style:diagonal-tl-br="none" style:text-align-source="value-type" style:repeat-content="false" fo:background-color="transparent" fo:wrap-option="no-wrap" fo:border-left="none" style:direction="ltr" fo:border-right="none" style:rotation-angle="0" style:rotation-align="none" style:shrink-to-fit="false" fo:border-top="0.06pt solid #4f81bd" style:vertical-align="bottom" loext:vertical-justify="auto"/><style:paragraph-properties css3t:text-justify="auto" fo:margin-left="0pt" style:writing-mode="page"/><style:text-properties fo:color="#000000" style:text-outline="false" style:text-line-through-style="none" style:text-line-through-type="none" style:font-name="Calibri" fo:font-family="Calibri" style:font-family-generic="swiss" fo:font-size="11pt" fo:font-style="normal" fo:text-shadow="none" style:text-underline-style="none" fo:font-weight="bold" style:font-size-asian="11pt" style:font-style-asian="normal" style:font-weight-asian="bold" style:font-size-complex="11pt" style:font-style-complex="normal" style:font-weight-complex="bold"/></style:style><style:style style:name="Excel_20_Built-in_20_Hyperlink" style:display-name="Excel Built-in Hyperlink" style:family="table-cell" style:parent-style-name="Default"><style:text-properties fo:color="#0563c1" style:text-outline="false" style:text-line-through-style="none" style:text-line-through-type="none" style:font-name="Calibri" fo:font-family="Calibri" style:font-family-generic="swiss" fo:font-size="11pt" fo:font-style="normal" fo:text-shadow="none" style:text-underline-style="solid" style:text-underline-width="auto" style:text-underline-color="font-color" fo:font-weight="normal" style:font-size-asian="11pt" style:font-style-asian="normal" style:font-weight-asian="normal" style:font-size-complex="11pt" style:font-style-complex="normal" style:font-weight-complex="normal"/></style:style><draw:marker draw:name="msArrowEnd_20_5" draw:display-name="msArrowEnd 5" svg:viewBox="0 0 300 300" svg:d="M150 0l150 300h-300z"/></office:styles><office:automatic-styles><style:page-layout style:name="Mpm1"><style:page-layout-properties style:first-page-number="continue" style:writing-mode="lr-tb"/><style:header-style><style:header-footer-properties fo:min-height="21.26pt" fo:margin-left="0pt" fo:margin-right="0pt" fo:margin-bottom="7.09pt"/></style:header-style><style:footer-style><style:header-footer-properties fo:min-height="21.26pt" fo:margin-left="0pt" fo:margin-right="0pt" fo:margin-top="7.09pt"/></style:footer-style></style:page-layout><style:page-layout style:name="Mpm2"><style:page-layout-properties style:writing-mode="lr-tb"/><style:header-style><style:header-footer-properties fo:min-height="21.26pt" fo:margin-left="0pt" fo:margin-right="0pt" fo:margin-bottom="7.09pt" fo:border="2.49pt solid #000000" fo:padding="0.51pt" fo:background-color="#c0c0c0"><style:background-image/></style:header-footer-properties></style:header-style><style:footer-style><style:header-footer-properties fo:min-height="21.26pt" fo:margin-left="0pt" fo:margin-right="0pt" fo:margin-top="7.09pt" fo:border="2.49pt solid #000000" fo:padding="0.51pt" fo:background-color="#c0c0c0"><style:background-image/></style:header-footer-properties></style:footer-style></style:page-layout><style:page-layout style:name="Mpm3"><style:page-layout-properties fo:page-width="595.3pt" fo:page-height="841.89pt" style:num-format="1" style:print-orientation="portrait" fo:margin-top="21.6pt" fo:margin-bottom="21.6pt" fo:margin-left="50.4pt" fo:margin-right="50.4pt" style:print-page-order="ttb" style:first-page-number="continue" style:scale-to="100%" style:writing-mode="lr-tb" style:print="charts drawings objects zero-values"/><style:header-style><style:header-footer-properties fo:min-height="21.26pt" fo:margin-left="0pt" fo:margin-right="0pt" fo:margin-bottom="7.09pt"/></style:header-style><style:footer-style><style:header-footer-properties fo:min-height="21.26pt" fo:margin-left="0pt" fo:margin-right="0pt" fo:margin-top="7.09pt"/></style:footer-style></style:page-layout><style:page-layout style:name="Mpm4"><style:page-layout-properties fo:page-width="595.3pt" fo:page-height="841.89pt" style:num-format="1" style:print-orientation="portrait" fo:margin-top="21.6pt" fo:margin-bottom="21.6pt" fo:margin-left="50.4pt" fo:margin-right="50.4pt" style:print-page-order="ttb" style:first-page-number="1" style:scale-to="100%" style:writing-mode="lr-tb" style:print="charts drawings objects zero-values"/><style:header-style><style:header-footer-properties fo:min-height="21.26pt" fo:margin-left="0pt" fo:margin-right="0pt" fo:margin-bottom="7.09pt"/></style:header-style><style:footer-style><style:header-footer-properties fo:min-height="21.26pt" fo:margin-left="0pt" fo:margin-right="0pt" fo:margin-top="7.09pt"/></style:footer-style></style:page-layout><style:page-layout style:name="Mpm5"><style:page-layout-properties style:num-format="1" style:print-orientation="portrait" fo:margin-top="54pt" fo:margin-bottom="54pt" fo:margin-left="50.4pt" fo:margin-right="50.4pt" style:print-page-order="ttb" style:first-page-number="continue" style:scale-to="100%" style:writing-mode="lr-tb" style:print="charts drawings objects zero-values"/><style:header-style><style:header-footer-properties fo:min-height="21.26pt" fo:margin-left="0pt" fo:margin-right="0pt" fo:margin-bottom="7.09pt"/></style:header-style><style:footer-style><style:header-footer-properties fo:min-height="21.26pt" fo:margin-left="0pt" fo:margin-right="0pt" fo:margin-top="7.09pt"/></style:footer-style></style:page-layout></office:automatic-styles><office:master-styles><style:master-page style:name="Default" style:page-layout-name="Mpm1"><style:header><text:p><text:sheet-name>???</text:sheet-name></text:p></style:header><style:header-left style:display="false"/><style:footer><text:p>Page <text:page-number>1</text:page-number></text:p></style:footer><style:footer-left style:display="false"/></style:master-page><style:master-page style:name="Report" style:page-layout-name="Mpm2"><style:header><style:region-left><text:p><text:sheet-name>???</text:sheet-name><text:s/>(<text:title>???</text:title>)</text:p></style:region-left><style:region-right><text:p><text:date style:data-style-name="N2" text:date-value="2018-12-06">00/00/0000</text:date>, <text:time>00:00:00</text:time></text:p></style:region-right></style:header><style:header-left style:display="false"/><style:footer><text:p>Page <text:page-number>1</text:page-number><text:s/>/ <text:page-count>99</text:page-count></text:p></style:footer><style:footer-left style:display="false"/></style:master-page><style:master-page style:name="PageStyle_5f_EG-Contributions" style:display-name="PageStyle_EG-Contributions" style:page-layout-name="Mpm3"><style:header style:display="false"/><style:header-left style:display="false"/><style:footer style:display="false"/><style:footer-left style:display="false"/></style:master-page><style:master-page style:name="PageStyle_5f_EG-Misconduct" style:display-name="PageStyle_EG-Misconduct" style:page-layout-name="Mpm3"><style:header style:display="false"/><style:header-left style:display="false"/><style:footer style:display="false"/><style:footer-left style:display="false"/></style:master-page><style:master-page style:name="PageStyle_5f_EG-Early_5f_termination" style:display-name="PageStyle_EG-Early_termination" style:page-layout-name="Mpm3"><style:header style:display="false"/><style:header-left style:display="false"/><style:footer style:display="false"/><style:footer-left style:display="false"/></style:master-page><style:master-page style:name="PageStyle_5f_EG-Purely_5f_national" style:display-name="PageStyle_EG-Purely_national" style:page-layout-name="Mpm3"><style:header style:display="false"/><style:header-left style:display="false"/><style:footer style:display="false"/><style:footer-left style:display="false"/></style:master-page><style:master-page style:name="PageStyle_5f_SC-Suitability-II" style:display-name="PageStyle_SC-Suitability-II" style:page-layout-name="Mpm4"><style:header style:display="false"/><style:header-left style:display="false"/><style:footer style:display="false"/><style:footer-left style:display="false"/></style:master-page><style:master-page style:name="PageStyle_5f_SC-General_5f_Yearly_5f_Turnover" style:display-name="PageStyle_SC-General_Yearly_Turnover" style:page-layout-name="Mpm3"><style:header style:display="false"/><style:header-left style:display="false"/><style:footer style:display="false"/><style:footer-left style:display="false"/></style:master-page><style:master-page style:name="PageStyle_5f_SC-Specific_5f_Average_5f_Turnover" style:display-name="PageStyle_SC-Specific_Average_Turnover" style:page-layout-name="Mpm3"><style:header style:display="false"/><style:header-left style:display="false"/><style:footer style:display="false"/><style:footer-left style:display="false"/></style:master-page><style:master-page style:name="PageStyle_5f_SC-Setup_5f_of_5f_economic_5f_operator" style:display-name="PageStyle_SC-Setup_of_economic_operator" style:page-layout-name="Mpm3"><style:header style:display="false"/><style:header-left style:display="false"/><style:footer style:display="false"/><style:footer-left style:display="false"/></style:master-page><style:master-page style:name="PageStyle_5f_SC-Other_5f_economic_5f_or_5f_financial" style:display-name="PageStyle_SC-Other_economic_or_financial" style:page-layout-name="Mpm3"><style:header style:display="false"/><style:header-left style:display="false"/><style:footer style:display="false"/><style:footer-left style:display="false"/></style:master-page><style:master-page style:name="PageStyle_5f_EG-Convictions" style:display-name="PageStyle_EG-Convictions" style:page-layout-name="Mpm3"><style:header style:display="false"/><style:header-left style:display="false"/><style:footer style:display="false"/><style:footer-left style:display="false"/></style:master-page><style:master-page style:name="PageStyle_5f_EG-Business" style:display-name="PageStyle_EG-Business" style:page-layout-name="Mpm4"><style:header style:display="false"/><style:header-left style:display="false"/><style:footer style:display="false"/><style:footer-left style:display="false"/></style:master-page><style:master-page style:name="PageStyle_5f_EG-Conflict_5f_of_5f_interest" style:display-name="PageStyle_EG-Conflict_of_interest" style:page-layout-name="Mpm3"><style:header style:display="false"/><style:header-left style:display="false"/><style:footer style:display="false"/><style:footer-left style:display="false"/></style:master-page><style:master-page style:name="PageStyle_5f_SC-Abilities_5f_1_20__28_Persons_29_" style:display-name="PageStyle_SC-Abilities_1 (Persons)" style:page-layout-name="Mpm3"><style:header style:display="false"/><style:header-left style:display="false"/><style:footer style:display="false"/><style:footer-left style:display="false"/></style:master-page><style:master-page style:name="PageStyle_5f_SC-General_5f_Average_5f_Turnover" style:display-name="PageStyle_SC-General_Average_Turnover" style:page-layout-name="Mpm4"><style:header style:display="false"/><style:header-left style:display="false"/><style:footer style:display="false"/><style:footer-left style:display="false"/></style:master-page><style:master-page style:name="PageStyle_5f_SC-Abilities_20__28_5_5f_Man.Staff_29_" style:display-name="PageStyle_SC-Abilities (5_Man.Staff)" style:page-layout-name="Mpm3"><style:header style:display="false"/><style:header-left style:display="false"/><style:footer style:display="false"/><style:footer-left style:display="false"/></style:master-page><style:master-page style:name="PageStyle_5f_SC-Subcontracting_5f_proportion" style:display-name="PageStyle_SC-Subcontracting_proportion" style:page-layout-name="Mpm4"><style:header style:display="false"/><style:header-left style:display="false"/><style:footer style:display="false"/><style:footer-left style:display="false"/></style:master-page><style:master-page style:name="PageStyle_5f_SC-Samples_5f_certificates" style:display-name="PageStyle_SC-Samples_certificates" style:page-layout-name="Mpm3"><style:header style:display="false"/><style:header-left style:display="false"/><style:footer style:display="false"/><style:footer-left style:display="false"/></style:master-page><style:master-page style:name="PageStyle_5f_SC-Professional_5f_risk_5f_insurance" style:display-name="PageStyle_SC-Professional_risk_insurance" style:page-layout-name="Mpm3"><style:header style:display="false"/><style:header-left style:display="false"/><style:footer style:display="false"/><style:footer-left style:display="false"/></style:master-page><style:master-page style:name="PageStyle_5f_EG-Environ-Social-Labour_5f_Law" style:display-name="PageStyle_EG-Environ-Social-Labour_Law" style:page-layout-name="Mpm3"><style:header style:display="false"/><style:header-left style:display="false"/><style:footer style:display="false"/><style:footer-left style:display="false"/></style:master-page><style:master-page style:name="PageStyle_5f_SC_5f_Abilities_5f_2_20__28_Facilities_2c_..._29_" style:display-name="PageStyle_SC_Abilities_2 (Facilities,...)" style:page-layout-name="Mpm5"><style:header style:display="false"/><style:header-left style:display="false"/><style:footer style:display="false"/><style:footer-left style:display="false"/></style:master-page><style:master-page style:name="PageStyle_5f_OTHER-EO-SHELTERED" style:display-name="PageStyle_OTHER-EO-SHELTERED" style:page-layout-name="Mpm4"><style:header style:display="false"/><style:header-left style:display="false"/><style:footer style:display="false"/><style:footer-left style:display="false"/></style:master-page><style:master-page style:name="PageStyle_5f_SC-References" style:display-name="PageStyle_SC-References" style:page-layout-name="Mpm3"><style:header style:display="false"/><style:header-left style:display="false"/><style:footer style:display="false"/><style:footer-left style:display="false"/></style:master-page><style:master-page style:name="PageStyle_5f_OTHER-EO-PQS" style:display-name="PageStyle_OTHER-EO-PQS" style:page-layout-name="Mpm3"><style:header style:display="false"/><style:header-left style:display="false"/><style:footer style:display="false"/><style:footer-left style:display="false"/></style:master-page><style:master-page style:name="PageStyle_5f_EG-Misinterpretation" style:display-name="PageStyle_EG-Misinterpretation" style:page-layout-name="Mpm3"><style:header style:display="false"/><style:header-left style:display="false"/><style:footer style:display="false"/><style:footer-left style:display="false"/></style:master-page><style:master-page style:name="PageStyle_5f_OTHER-EO-GROUPS" style:display-name="PageStyle_OTHER-EO-GROUPS" style:page-layout-name="Mpm3"><style:header style:display="false"/><style:header-left style:display="false"/><style:footer style:display="false"/><style:footer-left style:display="false"/></style:master-page><style:master-page style:name="PageStyle_5f_SC-Suitability-I" style:display-name="PageStyle_SC-Suitability-I" style:page-layout-name="Mpm3"><style:header style:display="false"/><style:header-left style:display="false"/><style:footer style:display="false"/><style:footer-left style:display="false"/></style:master-page><style:master-page style:name="PageStyle_5f_OTHER-EO-RELIED_5f_ON-ENTITIES" style:display-name="PageStyle_OTHER-EO-RELIED_ON-ENTITIES" style:page-layout-name="Mpm4"><style:header style:display="false"/><style:header-left style:display="false"/><style:footer style:display="false"/><style:footer-left style:display="false"/></style:master-page><style:master-page style:name="PageStyle_5f_SC-Abilities_5f_4_20__28_Checks_29_" style:display-name="PageStyle_SC-Abilities_4 (Checks)" style:page-layout-name="Mpm3"><style:header style:display="false"/><style:header-left style:display="false"/><style:footer style:display="false"/><style:footer-left style:display="false"/></style:master-page><style:master-page style:name="PageStyle_5f_SC_5f_Abilities_5f_3_20__28_Education_29_" style:display-name="PageStyle_SC_Abilities_3 (Education)" style:page-layout-name="Mpm5"><style:header style:display="false"/><style:header-left style:display="false"/><style:footer style:display="false"/><style:footer-left style:display="false"/></style:master-page><style:master-page style:name="PageStyle_5f_OTHER-EO-NOT_5f_RELIED_5f_ON-ENTITIES" style:display-name="PageStyle_OTHER-EO-NOT_RELIED_ON-ENTITIES" style:page-layout-name="Mpm3"><style:header style:display="false"/><style:header-left style:display="false"/><style:footer style:display="false"/><style:footer-left style:display="false"/></style:master-page><style:master-page style:name="PageStyle_5f_OTHER-EO-Lots" style:display-name="PageStyle_OTHER-EO-Lots" style:page-layout-name="Mpm3"><style:header style:display="false"/><style:header-left style:display="false"/><style:footer style:display="false"/><style:footer-left style:display="false"/></style:master-page><style:master-page style:name="PageStyle_5f_SC-Financial_5f_ratios" style:display-name="PageStyle_SC-Financial_ratios" style:page-layout-name="Mpm3"><style:header style:display="false"/><style:header-left style:display="false"/><style:footer style:display="false"/><style:footer-left style:display="false"/></style:master-page><style:master-page style:name="PageStyle_5f_OTHER-EO-Contributions" style:display-name="PageStyle_OTHER-EO-Contributions" style:page-layout-name="Mpm3"><style:header style:display="false"/><style:header-left style:display="false"/><style:footer style:display="false"/><style:footer-left style:display="false"/></style:master-page><style:master-page style:name="PageStyle_5f_SC-Quality_5f_assurance" style:display-name="PageStyle_SC-Quality_assurance" style:page-layout-name="Mpm3"><style:header style:display="false"/><style:header-left style:display="false"/><style:footer style:display="false"/><style:footer-left style:display="false"/></style:master-page><style:master-page style:name="PageStyle_5f_OTHER-CA-Lots" style:display-name="PageStyle_OTHER-CA-Lots" style:page-layout-name="Mpm4"><style:header style:display="false"/><style:header-left style:display="false"/><style:footer style:display="false"/><style:footer-left style:display="false"/></style:master-page><style:master-page style:name="PageStyle_5f_SC-Specific_5f_Yearly_5f_Turnover" style:display-name="PageStyle_SC-Specific_Yearly_Turnover" style:page-layout-name="Mpm3"><style:header style:display="false"/><style:header-left style:display="false"/><style:footer style:display="false"/><style:footer-left style:display="false"/></style:master-page><style:master-page style:name="PageStyle_5f_EO-REDUCTION-OF-CANDIDATES" style:display-name="PageStyle_EO-REDUCTION-OF-CANDIDATES" style:page-layout-name="Mpm5"><style:header style:display="false"/><style:header-left style:display="false"/><style:footer style:display="false"/><style:footer-left style:display="false"/></style:master-page></office:master-styles></office:document-styles>