<?xml version="1.0" encoding="UTF-8"?>
<office:document-meta xmlns:office="urn:oasis:names:tc:opendocument:xmlns:office:1.0" xmlns:xlink="http://www.w3.org/1999/xlink" xmlns:dc="http://purl.org/dc/elements/1.1/" xmlns:meta="urn:oasis:names:tc:opendocument:xmlns:meta:1.0" xmlns:ooo="http://openoffice.org/2004/office" xmlns:grddl="http://www.w3.org/2003/g/data-view#" office:version="1.2"><office:meta><meta:initial-creator>Enric Staromiejski Torregrosa</meta:initial-creator><dc:creator>Massimiliano</dc:creator><meta:creation-date>2016-06-17T16:26:17</meta:creation-date><dc:date>2018-12-04T14:06:54</dc:date><meta:editing-duration>P0D</meta:editing-duration><meta:generator>LibreOffice/5.4.7.2$Linux_X86_64 LibreOffice_project/c838ef25c16710f8838b1faec480ebba495259d0</meta:generator><meta:document-statistic meta:table-count="34" meta:cell-count="25312" meta:object-count="0"/><meta:user-defined meta:name="AppVersion">12.0000</meta:user-defined><meta:user-defined meta:name="DocSecurity" meta:value-type="float">0</meta:user-defined><meta:user-defined meta:name="HyperlinksChanged" meta:value-type="boolean">false</meta:user-defined><meta:user-defined meta:name="LinksUpToDate" meta:value-type="boolean">false</meta:user-defined><meta:user-defined meta:name="ScaleCrop" meta:value-type="boolean">false</meta:user-defined><meta:user-defined meta:name="ShareDoc" meta:value-type="boolean">false</meta:user-defined></office:meta></office:document-meta>