<?xml version="1.0" encoding="UTF-8"?>
<office:document-meta xmlns:office="urn:oasis:names:tc:opendocument:xmlns:office:1.0" xmlns:xlink="http://www.w3.org/1999/xlink" xmlns:dc="http://purl.org/dc/elements/1.1/" xmlns:meta="urn:oasis:names:tc:opendocument:xmlns:meta:1.0" xmlns:ooo="http://openoffice.org/2004/office" xmlns:grddl="http://www.w3.org/2003/g/data-view#" office:version="1.2"><office:meta><meta:initial-creator>Enric Staromiejski Torregrosa</meta:initial-creator><dc:creator>Utente</dc:creator><meta:creation-date>2016-06-17T16:26:17</meta:creation-date><dc:date>2019-05-07T12:37:39</dc:date><meta:editing-duration>P0D</meta:editing-duration><meta:generator>LibreOffice/5.1.6.2$Linux_X86_64 LibreOffice_project/10m0$Build-2</meta:generator><meta:document-statistic meta:table-count="36" meta:cell-count="22539" meta:object-count="0"/><meta:user-defined meta:name="AppVersion">14.0300</meta:user-defined><meta:user-defined meta:name="DocSecurity" meta:value-type="float">0</meta:user-defined><meta:user-defined meta:name="HyperlinksChanged" meta:value-type="boolean">false</meta:user-defined><meta:user-defined meta:name="LinksUpToDate" meta:value-type="boolean">false</meta:user-defined><meta:user-defined meta:name="ScaleCrop" meta:value-type="boolean">false</meta:user-defined><meta:user-defined meta:name="ShareDoc" meta:value-type="boolean">false</meta:user-defined></office:meta></office:document-meta>